timestamp,username,ip_address,is_invalid_user
2026-01-15 10:23:45,admin,192.168.1.100,No
2026-01-15 10:23:47,admin,192.168.1.100,No
2026-01-15 10:23:49,admin,192.168.1.100,No
2026-01-15 10:24:01,root,192.168.1.100,No
2026-01-15 10:24:03,root,192.168.1.100,No
2026-01-15 10:24:05,root,192.168.1.100,No
2026-01-15 10:24:07,root,192.168.1.100,No
2026-01-15 10:24:09,root,192.168.1.100,No
2026-01-15 10:24:11,root,192.168.1.100,No
2026-01-15 10:26:45,test,10.0.0.50,Yes
2026-01-15 10:26:47,test,10.0.0.50,Yes
2026-01-15 10:26:49,test,10.0.0.50,Yes
2026-01-15 10:27:10,admin,203.0.113.50,No
2026-01-15 10:27:12,admin,203.0.113.50,No
2026-01-15 10:29:15,backup,192.168.1.100,No
2026-01-15 10:29:17,backup,192.168.1.100,No
2026-01-15 10:29:19,backup,192.168.1.100,No
2026-01-15 10:29:21,backup,192.168.1.100,No
